


guadec 2025  (24-29 july 2025): overview · gnome events (indico)








































































indico style


indico style - inline minutes


indico style - numbered


indico style - numbered + minutes


indico weeks view










choose timezone

your profile timezone:




use timezone based on:

event/category

custom


select a custom timezone


                                    africa/abidjan
                                

                                    africa/accra
                                

                                    africa/addis_ababa
                                

                                    africa/algiers
                                

                                    africa/asmara
                                

                                    africa/bamako
                                

                                    africa/bangui
                                

                                    africa/banjul
                                

                                    africa/bissau
                                

                                    africa/blantyre
                                

                                    africa/brazzaville
                                

                                    africa/bujumbura
                                

                                    africa/cairo
                                

                                    africa/casablanca
                                

                                    africa/ceuta
                                

                                    africa/conakry
                                

                                    africa/dakar
                                

                                    africa/dar_es_salaam
                                

                                    africa/djibouti
                                

                                    africa/douala
                                

                                    africa/el_aaiun
                                

                                    africa/freetown
                                

                                    africa/gaborone
                                

                                    africa/harare
                                

                                    africa/johannesburg
                                

                                    africa/juba
                                

                                    africa/kampala
                                

                                    africa/khartoum
                                

                                    africa/kigali
                                

                                    africa/kinshasa
                                

                                    africa/lagos
                                

                                    africa/libreville
                                

                                    africa/lome
                                

                                    africa/luanda
                                

                                    africa/lubumbashi
                                

                                    africa/lusaka
                                

                                    africa/malabo
                                

                                    africa/maputo
                                

                                    africa/maseru
                                

                                    africa/mbabane
                                

                                    africa/mogadishu
                                

                                    africa/monrovia
                                

                                    africa/nairobi
                                

                                    africa/ndjamena
                                

                                    africa/niamey
                                

                                    africa/nouakchott
                                

                                    africa/ouagadougou
                                

                                    africa/porto-novo
                                

                                    africa/sao_tome
                                

                                    africa/tripoli
                                

                                    africa/tunis
                                

                                    africa/windhoek
                                

                                    america/adak
                                

                                    america/anchorage
                                

                                    america/anguilla
                                

                                    america/antigua
                                

                                    america/araguaina
                                

                                    america/argentina/buenos_aires
                                

                                    america/argentina/catamarca
                                

                                    america/argentina/cordoba
                                

                                    america/argentina/jujuy
                                

                                    america/argentina/la_rioja
                                

                                    america/argentina/mendoza
                                

                                    america/argentina/rio_gallegos
                                

                                    america/argentina/salta
                                

                                    america/argentina/san_juan
                                

                                    america/argentina/san_luis
                                

                                    america/argentina/tucuman
                                

                                    america/argentina/ushuaia
                                

                                    america/aruba
                                

                                    america/asuncion
                                

                                    america/atikokan
                                

                                    america/bahia
                                

                                    america/bahia_banderas
                                

                                    america/barbados
                                

                                    america/belem
                                

                                    america/belize
                                

                                    america/blanc-sablon
                                

                                    america/boa_vista
                                

                                    america/bogota
                                

                                    america/boise
                                

                                    america/cambridge_bay
                                

                                    america/campo_grande
                                

                                    america/cancun
                                

                                    america/caracas
                                

                                    america/cayenne
                                

                                    america/cayman
                                

                                    america/chicago
                                

                                    america/chihuahua
                                

                                    america/ciudad_juarez
                                

                                    america/costa_rica
                                

                                    america/creston
                                

                                    america/cuiaba
                                

                                    america/curacao
                                

                                    america/danmarkshavn
                                

                                    america/dawson
                                

                                    america/dawson_creek
                                

                                    america/denver
                                

                                    america/detroit
                                

                                    america/dominica
                                

                                    america/edmonton
                                

                                    america/eirunepe
                                

                                    america/el_salvador
                                

                                    america/fort_nelson
                                

                                    america/fortaleza
                                

                                    america/glace_bay
                                

                                    america/goose_bay
                                

                                    america/grand_turk
                                

                                    america/grenada
                                

                                    america/guadeloupe
                                

                                    america/guatemala
                                

                                    america/guayaquil
                                

                                    america/guyana
                                

                                    america/halifax
                                

                                    america/havana
                                

                                    america/hermosillo
                                

                                    america/indiana/indianapolis
                                

                                    america/indiana/knox
                                

                                    america/indiana/marengo
                                

                                    america/indiana/petersburg
                                

                                    america/indiana/tell_city
                                

                                    america/indiana/vevay
                                

                                    america/indiana/vincennes
                                

                                    america/indiana/winamac
                                

                                    america/inuvik
                                

                                    america/iqaluit
                                

                                    america/jamaica
                                

                                    america/juneau
                                

                                    america/kentucky/louisville
                                

                                    america/kentucky/monticello
                                

                                    america/kralendijk
                                

                                    america/la_paz
                                

                                    america/lima
                                

                                    america/los_angeles
                                

                                    america/lower_princes
                                

                                    america/maceio
                                

                                    america/managua
                                

                                    america/manaus
                                

                                    america/marigot
                                

                                    america/martinique
                                

                                    america/matamoros
                                

                                    america/mazatlan
                                

                                    america/menominee
                                

                                    america/merida
                                

                                    america/metlakatla
                                

                                    america/mexico_city
                                

                                    america/miquelon
                                

                                    america/moncton
                                

                                    america/monterrey
                                

                                    america/montevideo
                                

                                    america/montserrat
                                

                                    america/nassau
                                

                                    america/new_york
                                

                                    america/nome
                                

                                    america/noronha
                                

                                    america/north_dakota/beulah
                                

                                    america/north_dakota/center
                                

                                    america/north_dakota/new_salem
                                

                                    america/nuuk
                                

                                    america/ojinaga
                                

                                    america/panama
                                

                                    america/paramaribo
                                

                                    america/phoenix
                                

                                    america/port-au-prince
                                

                                    america/port_of_spain
                                

                                    america/porto_velho
                                

                                    america/puerto_rico
                                

                                    america/punta_arenas
                                

                                    america/rankin_inlet
                                

                                    america/recife
                                

                                    america/regina
                                

                                    america/resolute
                                

                                    america/rio_branco
                                

                                    america/santarem
                                

                                    america/santiago
                                

                                    america/santo_domingo
                                

                                    america/sao_paulo
                                

                                    america/scoresbysund
                                

                                    america/sitka
                                

                                    america/st_barthelemy
                                

                                    america/st_johns
                                

                                    america/st_kitts
                                

                                    america/st_lucia
                                

                                    america/st_thomas
                                

                                    america/st_vincent
                                

                                    america/swift_current
                                

                                    america/tegucigalpa
                                

                                    america/thule
                                

                                    america/tijuana
                                

                                    america/toronto
                                

                                    america/tortola
                                

                                    america/vancouver
                                

                                    america/whitehorse
                                

                                    america/winnipeg
                                

                                    america/yakutat
                                

                                    antarctica/casey
                                

                                    antarctica/davis
                                

                                    antarctica/dumontdurville
                                

                                    antarctica/macquarie
                                

                                    antarctica/mawson
                                

                                    antarctica/mcmurdo
                                

                                    antarctica/palmer
                                

                                    antarctica/rothera
                                

                                    antarctica/syowa
                                

                                    antarctica/troll
                                

                                    antarctica/vostok
                                

                                    arctic/longyearbyen
                                

                                    asia/aden
                                

                                    asia/almaty
                                

                                    asia/amman
                                

                                    asia/anadyr
                                

                                    asia/aqtau
                                

                                    asia/aqtobe
                                

                                    asia/ashgabat
                                

                                    asia/atyrau
                                

                                    asia/baghdad
                                

                                    asia/bahrain
                                

                                    asia/baku
                                

                                    asia/bangkok
                                

                                    asia/barnaul
                                

                                    asia/beirut
                                

                                    asia/bishkek
                                

                                    asia/brunei
                                

                                    asia/chita
                                

                                    asia/choibalsan
                                

                                    asia/colombo
                                

                                    asia/damascus
                                

                                    asia/dhaka
                                

                                    asia/dili
                                

                                    asia/dubai
                                

                                    asia/dushanbe
                                

                                    asia/famagusta
                                

                                    asia/gaza
                                

                                    asia/hebron
                                

                                    asia/ho_chi_minh
                                

                                    asia/hong_kong
                                

                                    asia/hovd
                                

                                    asia/irkutsk
                                

                                    asia/jakarta
                                

                                    asia/jayapura
                                

                                    asia/jerusalem
                                

                                    asia/kabul
                                

                                    asia/kamchatka
                                

                                    asia/karachi
                                

                                    asia/kathmandu
                                

                                    asia/khandyga
                                

                                    asia/kolkata
                                

                                    asia/krasnoyarsk
                                

                                    asia/kuala_lumpur
                                

                                    asia/kuching
                                

                                    asia/kuwait
                                

                                    asia/macau
                                

                                    asia/magadan
                                

                                    asia/makassar
                                

                                    asia/manila
                                

                                    asia/muscat
                                

                                    asia/nicosia
                                

                                    asia/novokuznetsk
                                

                                    asia/novosibirsk
                                

                                    asia/omsk
                                

                                    asia/oral
                                

                                    asia/phnom_penh
                                

                                    asia/pontianak
                                

                                    asia/pyongyang
                                

                                    asia/qatar
                                

                                    asia/qostanay
                                

                                    asia/qyzylorda
                                

                                    asia/riyadh
                                

                                    asia/sakhalin
                                

                                    asia/samarkand
                                

                                    asia/seoul
                                

                                    asia/shanghai
                                

                                    asia/singapore
                                

                                    asia/srednekolymsk
                                

                                    asia/taipei
                                

                                    asia/tashkent
                                

                                    asia/tbilisi
                                

                                    asia/tehran
                                

                                    asia/thimphu
                                

                                    asia/tokyo
                                

                                    asia/tomsk
                                

                                    asia/ulaanbaatar
                                

                                    asia/urumqi
                                

                                    asia/ust-nera
                                

                                    asia/vientiane
                                

                                    asia/vladivostok
                                

                                    asia/yakutsk
                                

                                    asia/yangon
                                

                                    asia/yekaterinburg
                                

                                    asia/yerevan
                                

                                    atlantic/azores
                                

                                    atlantic/bermuda
                                

                                    atlantic/canary
                                

                                    atlantic/cape_verde
                                

                                    atlantic/faroe
                                

                                    atlantic/madeira
                                

                                    atlantic/reykjavik
                                

                                    atlantic/south_georgia
                                

                                    atlantic/st_helena
                                

                                    atlantic/stanley
                                

                                    australia/adelaide
                                

                                    australia/brisbane
                                

                                    australia/broken_hill
                                

                                    australia/darwin
                                

                                    australia/eucla
                                

                                    australia/hobart
                                

                                    australia/lindeman
                                

                                    australia/lord_howe
                                

                                    australia/melbourne
                                

                                    australia/perth
                                

                                    australia/sydney
                                

                                    canada/atlantic
                                

                                    canada/central
                                

                                    canada/eastern
                                

                                    canada/mountain
                                

                                    canada/newfoundland
                                

                                    canada/pacific
                                

                                    europe/amsterdam
                                

                                    europe/andorra
                                

                                    europe/astrakhan
                                

                                    europe/athens
                                

                                    europe/belgrade
                                

                                    europe/berlin
                                

                                    europe/bratislava
                                

                                    europe/brussels
                                

                                    europe/bucharest
                                

                                    europe/budapest
                                

                                    europe/busingen
                                

                                    europe/chisinau
                                

                                    europe/copenhagen
                                

                                    europe/dublin
                                

                                    europe/gibraltar
                                

                                    europe/guernsey
                                

                                    europe/helsinki
                                

                                    europe/isle_of_man
                                

                                    europe/istanbul
                                

                                    europe/jersey
                                

                                    europe/kaliningrad
                                

                                    europe/kirov
                                

                                    europe/kyiv
                                

                                    europe/lisbon
                                

                                    europe/ljubljana
                                

                                    europe/london
                                

                                    europe/luxembourg
                                

                                    europe/madrid
                                

                                    europe/malta
                                

                                    europe/mariehamn
                                

                                    europe/minsk
                                

                                    europe/monaco
                                

                                    europe/moscow
                                

                                    europe/oslo
                                

                                    europe/paris
                                

                                    europe/podgorica
                                

                                    europe/prague
                                

                                    europe/riga
                                

                                    europe/rome
                                

                                    europe/samara
                                

                                    europe/san_marino
                                

                                    europe/sarajevo
                                

                                    europe/saratov
                                

                                    europe/simferopol
                                

                                    europe/skopje
                                

                                    europe/sofia
                                

                                    europe/stockholm
                                

                                    europe/tallinn
                                

                                    europe/tirane
                                

                                    europe/ulyanovsk
                                

                                    europe/vaduz
                                

                                    europe/vatican
                                

                                    europe/vienna
                                

                                    europe/vilnius
                                

                                    europe/volgograd
                                

                                    europe/warsaw
                                

                                    europe/zagreb
                                

                                    europe/zurich
                                

                                    gmt
                                

                                    indian/antananarivo
                                

                                    indian/chagos
                                

                                    indian/christmas
                                

                                    indian/cocos
                                

                                    indian/comoro
                                

                                    indian/kerguelen
                                

                                    indian/mahe
                                

                                    indian/maldives
                                

                                    indian/mauritius
                                

                                    indian/mayotte
                                

                                    indian/reunion
                                

                                    pacific/apia
                                

                                    pacific/auckland
                                

                                    pacific/bougainville
                                

                                    pacific/chatham
                                

                                    pacific/chuuk
                                

                                    pacific/easter
                                

                                    pacific/efate
                                

                                    pacific/fakaofo
                                

                                    pacific/fiji
                                

                                    pacific/funafuti
                                

                                    pacific/galapagos
                                

                                    pacific/gambier
                                

                                    pacific/guadalcanal
                                

                                    pacific/guam
                                

                                    pacific/honolulu
                                

                                    pacific/kanton
                                

                                    pacific/kiritimati
                                

                                    pacific/kosrae
                                

                                    pacific/kwajalein
                                

                                    pacific/majuro
                                

                                    pacific/marquesas
                                

                                    pacific/midway
                                

                                    pacific/nauru
                                

                                    pacific/niue
                                

                                    pacific/norfolk
                                

                                    pacific/noumea
                                

                                    pacific/pago_pago
                                

                                    pacific/palau
                                

                                    pacific/pitcairn
                                

                                    pacific/pohnpei
                                

                                    pacific/port_moresby
                                

                                    pacific/rarotonga
                                

                                    pacific/saipan
                                

                                    pacific/tahiti
                                

                                    pacific/tarawa
                                

                                    pacific/tongatapu
                                

                                    pacific/wake
                                

                                    pacific/wallis
                                

                                    us/alaska
                                

                                    us/arizona
                                

                                    us/central
                                

                                    us/eastern
                                

                                    us/hawaii
                                

                                    us/mountain
                                

                                    us/pacific
                                

                                    utc
                                



                        save
                    



europe/madrid
english (united kingdom)


deutsch (deutschland)


english (canada)


english (united kingdom)


english (united states)


español (españa)


français (france)


italiano (italia)


magyar (magyarország)


polski (polska)


português (brasil)


svenska (sverige)


türkçe (türkiye)


čeština (česko)


монгол (монгол)


українська (україна)


中文 (中国)


日本語 (日本)


login















guadec 2025










    
    
        24–29 jul 2025
    

europe/madrid timezone











overview

the city

sponsors

sponsor terms and conditions

job board

terms and conditions

photo policy

code of conduct


contact



guadec@gnome.org











welcome to guadec 2025
guadec is the gnome community’s largest conference, bringing together hundreds of users, contributors, community members, and enthusiastic supporters for a week of talks and workshops.
 

about gnome
gnome is a free and open-source software environment project supported by a non-profit foundation. together, the community of contributors and the foundation create a computing platform and software ecosystem, composed entirely of free software, that is designed to be elegant, efficient, and easy to use.







starts

                            24 jul 2025, 08:00
                        


ends

                            29 jul 2025, 18:00
                        

europe/madrid







                                            kristi progri
                                        









2025guadec-sponsorship.pdf











                        the call for abstracts is open
                    
you can submit an abstract for reviewing.


submit new abstract



















powered by indico
v3.3.5






                        help
                    



                            contact
                        



        terms and conditions
    


privacy









